[{"id":"d2710070-eac0-4377-8817-75cb71cd9339","name":"John Doe","codename":"author","type":{"id":"52d88b3a-d813-583c-b379-125c23f4f498"},"collection":{"id":"00000000-0000-0000-0000-000000000000"},"sitemap_locations":[],"last_modified":"2021-09-08T07:54:29.2704048Z"},{"id":"293bcb19-4711-45ab-a89e-6e92c7f9698e","name":"Homepage","codename":"homepage","type":{"id":"6a222f04-043c-5fa4-8076-7ee70fcb6019"},"collection":{"id":"00000000-0000-0000-0000-000000000000"},"sitemap_locations":[],"last_modified":"2021-09-08T07:54:31.3494909Z"},{"id":"6036d9a2-74cb-49b7-b8f2-d9cf4580cfd9","name":"About me","codename":"about_me_e96de10","type":{"id":"02344dc0-245f-5b31-b133-6a02e6fc4dc9"},"collection":{"id":"00000000-0000-0000-0000-000000000000"},"sitemap_locations":[],"last_modified":"2021-09-08T07:54:29.7235222Z"},{"id":"cf13b7f5-4fb9-478e-a1ba-ca655d74d3d8","name":"Contact","codename":"contact","type":{"id":"02344dc0-245f-5b31-b133-6a02e6fc4dc9"},"collection":{"id":"00000000-0000-0000-0000-000000000000"},"sitemap_locations":[],"last_modified":"2021-09-08T07:54:29.8485669Z"},{"id":"312fd659-e1d0-461e-873d-bce12d02a100","name":"404","codename":"n404","type":{"id":"02344dc0-245f-5b31-b133-6a02e6fc4dc9"},"collection":{"id":"00000000-0000-0000-0000-000000000000"},"sitemap_locations":[],"last_modified":"2021-09-08T07:54:31.2245468Z"},{"id":"8438f65f-553a-4f91-a1b5-d8dfc6c8bfa3","name":"Articles","codename":"articles_6280fbe","type":{"id":"02344dc0-245f-5b31-b133-6a02e6fc4dc9"},"collection":{"id":"00000000-0000-0000-0000-000000000000"},"sitemap_locations":[],"last_modified":"2021-09-08T07:54:31.5213724Z"},{"id":"e5c5e8bf-4144-427a-b5f6-a219e30a7852","name":"Typography","codename":"typography","type":{"id":"ba4bd448-5157-596c-a26f-d0c47e7604b8"},"collection":{"id":"00000000-0000-0000-0000-000000000000"},"sitemap_locations":[],"last_modified":"2021-09-08T07:54:29.3797791Z"},{"id":"cb9d121b-38ff-40bb-a2af-aa858ff314a0","name":"Gatsby","codename":"gatsby_92b8911","type":{"id":"ba4bd448-5157-596c-a26f-d0c47e7604b8"},"collection":{"id":"00000000-0000-0000-0000-000000000000"},"sitemap_locations":[],"last_modified":"2021-09-08T07:54:29.4891382Z"},{"id":"08cd919f-0046-4b6b-ae2c-5b7dc21d3c93","name":"Design Inspiration","codename":"design_inspiration","type":{"id":"ba4bd448-5157-596c-a26f-d0c47e7604b8"},"collection":{"id":"00000000-0000-0000-0000-000000000000"},"sitemap_locations":[],"last_modified":"2021-09-08T07:54:29.5985212Z"},{"id":"bc7a573d-67fd-4649-a642-6c03d84d13b0","name":"Perfecting the Art of Perfection","codename":"perfecting_the_art_of_perfection","type":{"id":"3fee81cc-7995-5f7d-8798-06dcd791b7dc"},"collection":{"id":"00000000-0000-0000-0000-000000000000"},"sitemap_locations":[],"last_modified":"2021-09-08T07:54:29.9892094Z"},{"id":"89eb1c77-e0ef-4be3-8d29-e53ed529174d","name":"The Origins of Social Stationery Lettering","codename":"the_origins_of_social_stationery_lettering","type":{"id":"3fee81cc-7995-5f7d-8798-06dcd791b7dc"},"collection":{"id":"00000000-0000-0000-0000-000000000000"},"sitemap_locations":[],"last_modified":"2021-09-08T07:54:30.0985735Z"},{"id":"5f961949-5656-4d3e-a6fa-f2d025c96fc3","name":"A Brief History of Typography","codename":"untitled_content_item","type":{"id":"3fee81cc-7995-5f7d-8798-06dcd791b7dc"},"collection":{"id":"00000000-0000-0000-0000-000000000000"},"sitemap_locations":[],"last_modified":"2021-09-08T07:54:30.2869247Z"},{"id":"8f112903-f306-4829-8103-99c221066d4d","name":"Humane Typography in the Digital Age","codename":"humane_typography_in_the_digital_age","type":{"id":"3fee81cc-7995-5f7d-8798-06dcd791b7dc"},"collection":{"id":"00000000-0000-0000-0000-000000000000"},"sitemap_locations":[],"last_modified":"2021-09-08T07:54:30.4744132Z"},{"id":"30c141a4-1a98-4c42-a848-0b474f1723ee","name":"Upgraded to Gatsby v2","codename":"upgraded_to_gatsby_v2","type":{"id":"3fee81cc-7995-5f7d-8798-06dcd791b7dc"},"collection":{"id":"00000000-0000-0000-0000-000000000000"},"sitemap_locations":[],"last_modified":"2021-09-08T07:54:30.5994206Z"},{"id":"a410d49e-1b55-4cd5-8573-9ff0f1693803","name":"GitHub","codename":"github","type":{"id":"5640393a-33aa-5453-b7d6-f6e008f4824f"},"collection":{"id":"00000000-0000-0000-0000-000000000000"},"sitemap_locations":[],"last_modified":"2021-09-08T07:54:30.7558401Z"},{"id":"e8f85a25-4255-4430-9141-6949aee6b327","name":"Twitter","codename":"twitter","type":{"id":"5640393a-33aa-5453-b7d6-f6e008f4824f"},"collection":{"id":"00000000-0000-0000-0000-000000000000"},"sitemap_locations":[],"last_modified":"2021-09-08T07:54:30.8650913Z"},{"id":"61ead4cd-8f13-4e98-a817-4512a3b1bfd8","name":"LinkedIn","codename":"linkedin","type":{"id":"5640393a-33aa-5453-b7d6-f6e008f4824f"},"collection":{"id":"00000000-0000-0000-0000-000000000000"},"sitemap_locations":[],"last_modified":"2021-09-08T07:54:30.9900944Z"},{"id":"9a36dbc2-8fb2-431b-92f0-0f282f825656","name":"Stack Overflow","codename":"stack_overflow","type":{"id":"5640393a-33aa-5453-b7d6-f6e008f4824f"},"collection":{"id":"00000000-0000-0000-0000-000000000000"},"sitemap_locations":[],"last_modified":"2021-09-08T07:54:31.0994768Z"},{"id":"bc324757-9040-4b1e-8f85-0aa6c147089e","name":"Site Metadata","codename":"site_metadata","type":{"id":"3cf3daab-20c1-5701-aa27-b81fd171d0fc"},"collection":{"id":"00000000-0000-0000-0000-000000000000"},"sitemap_locations":[],"last_modified":"2021-09-08T07:54:27.6609544Z"},{"id":"be257fce-db49-4af6-87cd-ed791daafd32","name":"Open source","codename":"open_source","type":{"id":"369af5e5-bfc4-5725-ba49-14834e07bb8f"},"collection":{"id":"00000000-0000-0000-0000-000000000000"},"sitemap_locations":[],"last_modified":"2021-09-08T07:54:27.7859505Z"},{"id":"e88dbc77-95ed-4011-808c-4c4d80b1ef7d","name":"Gatsby","codename":"gatsby","type":{"id":"369af5e5-bfc4-5725-ba49-14834e07bb8f"},"collection":{"id":"00000000-0000-0000-0000-000000000000"},"sitemap_locations":[],"last_modified":"2021-09-08T07:54:27.9578393Z"},{"id":"336551b4-4bbd-4372-a33b-e19ab3ce5cb5","name":"Typography","codename":"typography_8ac2339","type":{"id":"369af5e5-bfc4-5725-ba49-14834e07bb8f"},"collection":{"id":"00000000-0000-0000-0000-000000000000"},"sitemap_locations":[],"last_modified":"2021-09-08T07:54:28.1297129Z"},{"id":"74c58506-7ca6-49f3-aa47-ccb05c82239d","name":"Design","codename":"design","type":{"id":"369af5e5-bfc4-5725-ba49-14834e07bb8f"},"collection":{"id":"00000000-0000-0000-0000-000000000000"},"sitemap_locations":[],"last_modified":"2021-09-08T07:54:28.2547217Z"},{"id":"14fb48f2-a785-48a1-8726-0baae60aca64","name":"Web Development","codename":"web_development","type":{"id":"369af5e5-bfc4-5725-ba49-14834e07bb8f"},"collection":{"id":"00000000-0000-0000-0000-000000000000"},"sitemap_locations":[],"last_modified":"2021-09-08T07:54:28.3797299Z"},{"id":"2aebc876-ef63-42e4-ac1b-89ba01094c3d","name":"Handwriting","codename":"handwriting","type":{"id":"369af5e5-bfc4-5725-ba49-14834e07bb8f"},"collection":{"id":"00000000-0000-0000-0000-000000000000"},"sitemap_locations":[],"last_modified":"2021-09-08T07:54:28.5047347Z"},{"id":"e40dd643-c76d-4198-ad93-ef8382ae8fd4","name":"Learning to write","codename":"learning_to_write","type":{"id":"369af5e5-bfc4-5725-ba49-14834e07bb8f"},"collection":{"id":"00000000-0000-0000-0000-000000000000"},"sitemap_locations":[],"last_modified":"2021-09-08T07:54:28.7078715Z"},{"id":"b9351531-2ff9-46b8-98fb-67ff79ea414a","name":"Typefaces","codename":"typefaces","type":{"id":"369af5e5-bfc4-5725-ba49-14834e07bb8f"},"collection":{"id":"00000000-0000-0000-0000-000000000000"},"sitemap_locations":[],"last_modified":"2021-09-08T07:54:28.8953801Z"},{"id":"b8ec761a-8a6a-444e-a056-a806c1b76578","name":"Lettering","codename":"lettering","type":{"id":"369af5e5-bfc4-5725-ba49-14834e07bb8f"},"collection":{"id":"00000000-0000-0000-0000-000000000000"},"sitemap_locations":[],"last_modified":"2021-09-08T07:54:29.0203625Z"},{"id":"823f61e5-5073-4584-a04f-1089a3dc514d","name":"History","codename":"history","type":{"id":"369af5e5-bfc4-5725-ba49-14834e07bb8f"},"collection":{"id":"00000000-0000-0000-0000-000000000000"},"sitemap_locations":[],"last_modified":"2021-09-08T07:54:29.145368Z"}]