[{"id":"8be4c041-6021-58a2-8414-c32614ddda49","codename":"menu_item","last_modified":"2020-10-09T07:16:34.5468924Z","external_id":"b7522b37-e6d4-4c18-93e0-4695af1bfe32","name":"Menu Item","content_groups":[],"elements":[{"maximum_text_length":null,"name":"Label","guidelines":null,"is_required":false,"type":"text","external_id":"b32c3b40-b2c1-4548-844e-d536ee8af60b","id":"c71b2e03-533f-590a-b94f-f96a13e56977","codename":"label"},{"depends_on":{"element":{"id":"c71b2e03-533f-590a-b94f-f96a13e56977"}},"name":"Slug","guidelines":null,"is_required":false,"type":"url_slug","external_id":"7f056553-0b5b-4148-b9e7-f45997653b8e","id":"8402c119-8416-590f-a14a-08285d4b669b","codename":"slug"},{"item_count_limit":{"value":1,"condition":"at_most"},"allowed_content_types":[{"id":"612cc4e4-1cce-5d6b-b0d3-2bff24408a8d"}],"name":"Content","guidelines":null,"is_required":false,"type":"modular_content","external_id":"8617f619-10a2-47fb-bc4d-fa1597177109","id":"0c82039b-7738-5eda-8757-df6d3cbf5b4e","codename":"content"}]},{"id":"ef0e5861-907e-5592-b4b4-cb8574a4e887","codename":"author","last_modified":"2020-10-13T20:45:43.6274762Z","external_id":"337a4509-0793-4dda-ba6a-a071ff7e65f1","name":"Author","content_groups":[],"elements":[{"maximum_text_length":null,"name":"Name","guidelines":null,"is_required":false,"type":"text","external_id":"e5f1ba6d-ed12-4b6a-837e-ea575eb70d7d","id":"6436b43d-08b8-551a-b19c-9663dcd7787f","codename":"name"},{"maximum_text_length":null,"name":"Bio","guidelines":null,"is_required":true,"type":"text","external_id":"5aa814a3-c8ce-41a6-95ef-b5a9d40556c7","id":"426bf3b7-baca-5a97-aa73-22fb5d9de0d5","codename":"bio"},{"asset_count_limit":{"value":1,"condition":"exactly"},"maximum_file_size":null,"allowed_file_types":"any","image_width_limit":null,"image_height_limit":null,"name":"Avatar image","guidelines":null,"is_required":true,"type":"asset","external_id":"0392ac27-2225-4328-b761-0eb77da154a2","id":"80f1b2de-f65e-548b-8085-569428169577","codename":"avatar_image"},{"maximum_text_length":null,"name":"Email","guidelines":null,"is_required":false,"type":"text","external_id":"aefcd006-ab0a-4fe1-82e6-8c35f13035f8","id":"91cf5153-9a79-5407-9ec2-a84ae8dc6555","codename":"email"},{"item_count_limit":{"value":1,"condition":"at_least"},"allowed_content_types":[{"id":"9d3fa781-c190-4a33-aa78-2a70e7e0793b"}],"name":"Contacts","guidelines":null,"is_required":true,"type":"modular_content","id":"059816d6-7d9c-405a-a34e-e29e6e18fd5e","codename":"contacts"}]},{"id":"612cc4e4-1cce-5d6b-b0d3-2bff24408a8d","codename":"page","last_modified":"2020-10-18T21:11:00.8324348Z","external_id":"fad23a6a-fdbc-4d0a-9254-cbf2379a575b","name":"Page","content_groups":[],"elements":[{"maximum_text_length":null,"name":"Title","guidelines":null,"is_required":true,"type":"text","external_id":"6e23a0f4-0581-4686-907a-328431aa913d","id":"8ad51483-0ea3-53d9-a881-89609cd54a47","codename":"title"},{"maximum_text_length":null,"name":"Meta description","guidelines":null,"is_required":true,"type":"text","external_id":"6969a663-4886-4e65-8947-d1d26db34fe2","id":"685edc9c-37da-5da9-b1b9-2e0637858e32","codename":"meta_description"},{"maximum_text_length":null,"maximum_image_size":null,"allowed_content_types":[],"image_width_limit":null,"image_height_limit":null,"allowed_image_types":"any","allowed_blocks":["text","images"],"allowed_formatting":[],"allowed_text_blocks":[],"allowed_table_blocks":["text"],"allowed_table_formatting":[],"allowed_table_text_blocks":["paragraph"],"name":"Body","guidelines":null,"is_required":true,"type":"rich_text","external_id":"066563f9-fab3-4352-9215-a9bc3750ef6b","id":"07d5de25-9337-59e2-b806-8aad258e1dd5","codename":"body"}]},{"id":"6bc05c55-cc58-52a5-8742-a48db5fcc1e2","codename":"category","last_modified":"2020-10-09T07:16:34.765654Z","external_id":"efb4a184-1c32-4ede-bdd1-90fab6b7a7b9","name":"Category","content_groups":[],"elements":[{"maximum_text_length":null,"name":"Title","guidelines":null,"is_required":true,"type":"text","external_id":"07f584b8-db9a-4288-94a2-902af84e5190","id":"9ddcb895-589f-5cbe-97a9-ef9885cb4387","codename":"title"},{"depends_on":{"element":{"id":"9ddcb895-589f-5cbe-97a9-ef9885cb4387"}},"name":"Slug","guidelines":null,"is_required":true,"type":"url_slug","external_id":"0e300cca-86cf-4fde-adb8-e9596dd4e954","id":"1d0f8514-39a7-5f9a-8f2d-f4b1c37d54f1","codename":"slug"}]},{"id":"1f19c9de-51a2-55bd-96c5-dfab198a4e2d","codename":"article","last_modified":"2020-10-09T07:16:34.890657Z","external_id":"e97ec6dc-1531-4b29-a84b-b17a85e79f05","name":"Article","content_groups":[],"elements":[{"maximum_text_length":null,"name":"Title","guidelines":null,"is_required":true,"type":"text","external_id":"c851dd90-d897-4c31-b652-ad6f4b924f3f","id":"c9303ea0-8bae-5899-a90f-5360cbb88051","codename":"title"},{"maximum_text_length":null,"name":"Description","guidelines":null,"is_required":false,"type":"text","external_id":"6b780443-1d56-498a-b48c-25d0da41f1df","id":"ae39552a-a464-5e99-ab2b-790e8d24a96c","codename":"description"},{"maximum_text_length":null,"maximum_image_size":null,"allowed_content_types":[],"image_width_limit":null,"image_height_limit":null,"allowed_image_types":"any","allowed_blocks":["text","images"],"allowed_formatting":[],"allowed_text_blocks":[],"allowed_table_blocks":["text"],"allowed_table_formatting":[],"allowed_table_text_blocks":["paragraph"],"name":"Content","guidelines":null,"is_required":true,"type":"rich_text","external_id":"a0bcb5d6-8aa0-45aa-8d7e-6c296ad93549","id":"7c792794-4746-5afb-8b82-5212ce4991a0","codename":"content"},{"name":"Date","guidelines":null,"is_required":true,"type":"date_time","external_id":"29d0c15f-9b3f-4211-be9d-18c8819bfe77","id":"3beb2edb-b3bf-5ac9-8c7c-1d5ead2869ec","codename":"date"},{"item_count_limit":{"value":1,"condition":"exactly"},"allowed_content_types":[{"id":"6bc05c55-cc58-52a5-8742-a48db5fcc1e2"}],"name":"Category","guidelines":null,"is_required":true,"type":"modular_content","external_id":"b8fc87c2-5f89-4b12-984e-3cdc4382f3e0","id":"9e5d2aac-e9bc-5b24-a7f3-a2cefeb33283","codename":"category"},{"item_count_limit":null,"allowed_content_types":[{"id":"8c06a8ac-3a77-5743-8357-26c4ee5158be"}],"name":"Tags","guidelines":null,"is_required":true,"type":"modular_content","external_id":"0e1a80dc-0768-458b-8039-dcdcad7fca16","id":"612e19d3-6d26-582c-947f-f8ff023b1f76","codename":"tags"},{"depends_on":{"element":{"id":"c9303ea0-8bae-5899-a90f-5360cbb88051"}},"name":"Slug","guidelines":null,"is_required":false,"type":"url_slug","external_id":"0bc7d2a4-1d6a-4e47-93bb-0bf8a2422b0c","id":"3469a1e2-822d-5805-a93b-fca49b785092","codename":"slug"}]},{"id":"4aac3f22-7a52-5f24-bca3-e36e3a539f12","codename":"menu","last_modified":"2020-10-09T07:16:34.484422Z","external_id":"09e9b2ba-822e-4c29-914b-970d8bc06333","name":"Menu","content_groups":[],"elements":[{"item_count_limit":null,"allowed_content_types":[{"id":"8be4c041-6021-58a2-8414-c32614ddda49"}],"name":"Menu items","guidelines":null,"is_required":false,"type":"modular_content","external_id":"625a9755-d509-4855-8879-3d24f36e28e3","id":"7d3359e2-8520-5a54-8b89-8fd226297665","codename":"menu_items"}]},{"id":"9d3fa781-c190-4a33-aa78-2a70e7e0793b","codename":"contact","last_modified":"2020-10-14T18:10:10.5384519Z","name":"Contact","content_groups":[],"elements":[{"maximum_text_length":null,"name":"Name","guidelines":null,"is_required":true,"type":"text","id":"ed52c1d0-564f-4eee-a949-ae809ecfd9ef","codename":"name"},{"maximum_text_length":null,"name":"Url","guidelines":null,"is_required":true,"type":"text","id":"21d2d0f5-a5ec-49f5-8033-88b367ad1970","codename":"url"},{"maximum_text_length":null,"name":"Icon","guidelines":null,"is_required":true,"type":"text","id":"88933442-10f9-439a-890d-0cf53a771bd6","codename":"icon"}]},{"id":"06f7e41c-bef0-5013-9cd4-84fa72b95e32","codename":"site_metadata","last_modified":"2020-10-16T23:10:15.9075284Z","external_id":"25c18404-5c71-4abd-85d0-0c3900bfff70","name":"Site Metadata","content_groups":[],"elements":[{"maximum_text_length":null,"name":"Title","guidelines":null,"is_required":false,"type":"text","external_id":"a798bab1-940c-47fa-b8f3-6713baa593b9","id":"0c828cd9-32b4-5278-a290-030595980f2c","codename":"title"},{"maximum_text_length":null,"name":"Subtitle","guidelines":null,"is_required":false,"type":"text","external_id":"6e8eccea-0d6b-4154-bf91-bb4d74dd03e5","id":"898b3b51-4474-5bc2-9661-162001e73da6","codename":"subtitle"},{"maximum_text_length":null,"name":"Copyright","guidelines":null,"is_required":false,"type":"text","external_id":"74f849bf-cc31-4138-85fe-49b023394063","id":"d04d0ce7-60ba-5c14-b00a-909797c6de51","codename":"copyright"}]},{"id":"8c06a8ac-3a77-5743-8357-26c4ee5158be","codename":"tag","last_modified":"2020-10-09T07:16:34.656275Z","external_id":"92353f19-a4a1-45f0-8523-f7d71ee994d5","name":"Tag","content_groups":[],"elements":[{"maximum_text_length":null,"name":"Title","guidelines":null,"is_required":true,"type":"text","external_id":"dd2cf358-0359-4340-82fa-8352a2022efb","id":"d0f41945-e215-5909-b01e-5cd98080d9b8","codename":"title"},{"depends_on":{"element":{"id":"d0f41945-e215-5909-b01e-5cd98080d9b8"}},"name":"Slug","guidelines":null,"is_required":true,"type":"url_slug","external_id":"70cdc258-c179-4f01-a814-330ab3e8a706","id":"0ca00763-cf16-573c-b3f2-cdf2aaad4b9e","codename":"slug"}]}]