[{"id":"0e89c573-7a40-4d82-87f5-24fcb019afe0","name":"Navigation Menu","codename":"navigation_menu","type":{"id":"4aac3f22-7a52-5f24-bca3-e36e3a539f12"},"collection":{"id":"00000000-0000-0000-0000-000000000000"},"sitemap_locations":[],"last_modified":"2020-10-09T07:16:38.2970036Z"},{"id":"28401600-b676-4332-839d-d7ba888c4967","name":"Articles","codename":"articles","type":{"id":"8be4c041-6021-58a2-8414-c32614ddda49"},"collection":{"id":"00000000-0000-0000-0000-000000000000"},"sitemap_locations":[],"last_modified":"2020-10-09T07:16:38.4376368Z"},{"id":"feb09303-f16c-411a-826c-3c485db7c21f","name":"About Me","codename":"about_me","type":{"id":"8be4c041-6021-58a2-8414-c32614ddda49"},"collection":{"id":"00000000-0000-0000-0000-000000000000"},"sitemap_locations":[],"last_modified":"2020-10-09T07:16:38.5782587Z"},{"id":"edb41f37-dc0b-429c-a74a-8ae8e1be51df","name":"Contact","codename":"contact_me","type":{"id":"8be4c041-6021-58a2-8414-c32614ddda49"},"collection":{"id":"00000000-0000-0000-0000-000000000000"},"sitemap_locations":[],"last_modified":"2020-10-09T07:16:38.718893Z"},{"id":"6cab3b82-c688-49f1-8131-924dde6b6e48","name":"Site Metadata","codename":"site_metadata","type":{"id":"06f7e41c-bef0-5013-9cd4-84fa72b95e32"},"collection":{"id":"00000000-0000-0000-0000-000000000000"},"sitemap_locations":[],"last_modified":"2020-10-09T07:16:38.1425488Z"},{"id":"e213f7c0-39d6-4a68-b885-6d4e0a12036c","name":"Open source","codename":"open_source","type":{"id":"8c06a8ac-3a77-5743-8357-26c4ee5158be"},"collection":{"id":"00000000-0000-0000-0000-000000000000"},"sitemap_locations":[],"last_modified":"2020-10-09T07:16:40.1720589Z"},{"id":"9dbbef4d-74d4-43f6-8bab-1871a0faf6e8","name":"Gatsby","codename":"gatsby","type":{"id":"8c06a8ac-3a77-5743-8357-26c4ee5158be"},"collection":{"id":"00000000-0000-0000-0000-000000000000"},"sitemap_locations":[],"last_modified":"2020-10-09T07:16:40.3126876Z"},{"id":"63577963-8188-4e4a-a9ad-7cf18562c96f","name":"Typography","codename":"typography_8ac2339","type":{"id":"8c06a8ac-3a77-5743-8357-26c4ee5158be"},"collection":{"id":"00000000-0000-0000-0000-000000000000"},"sitemap_locations":[],"last_modified":"2020-10-17T21:07:10.6048301Z"},{"id":"663ce244-a3ed-4f47-a8da-6bde13324e86","name":"Design","codename":"design","type":{"id":"8c06a8ac-3a77-5743-8357-26c4ee5158be"},"collection":{"id":"00000000-0000-0000-0000-000000000000"},"sitemap_locations":[],"last_modified":"2020-10-13T21:40:37.7947798Z"},{"id":"4f27351d-6ca9-4ded-a6f2-b4314ba7d11b","name":"Web Development","codename":"web_development","type":{"id":"8c06a8ac-3a77-5743-8357-26c4ee5158be"},"collection":{"id":"00000000-0000-0000-0000-000000000000"},"sitemap_locations":[],"last_modified":"2020-10-09T07:16:40.7658323Z"},{"id":"86bbd698-020e-4115-bc13-f4d45585f590","name":"Handwriting","codename":"handwriting","type":{"id":"8c06a8ac-3a77-5743-8357-26c4ee5158be"},"collection":{"id":"00000000-0000-0000-0000-000000000000"},"sitemap_locations":[],"last_modified":"2020-10-09T07:16:41.2814706Z"},{"id":"7a8388d7-59be-43e2-bea1-05ca31428e36","name":"Learning to write","codename":"learning_to_write","type":{"id":"8c06a8ac-3a77-5743-8357-26c4ee5158be"},"collection":{"id":"00000000-0000-0000-0000-000000000000"},"sitemap_locations":[],"last_modified":"2020-10-09T07:16:41.4377202Z"},{"id":"f92ce2c4-515e-434a-b4ed-ff607aace99e","name":"Typefaces","codename":"typefaces","type":{"id":"8c06a8ac-3a77-5743-8357-26c4ee5158be"},"collection":{"id":"00000000-0000-0000-0000-000000000000"},"sitemap_locations":[],"last_modified":"2020-10-09T07:16:41.6252544Z"},{"id":"7165ff7d-519b-4835-9b12-f91e2f7ec77d","name":"Lettering","codename":"lettering","type":{"id":"8c06a8ac-3a77-5743-8357-26c4ee5158be"},"collection":{"id":"00000000-0000-0000-0000-000000000000"},"sitemap_locations":[],"last_modified":"2020-10-09T07:16:41.7658619Z"},{"id":"4ce68133-7da2-412f-aa30-2176a0a76fff","name":"History","codename":"history","type":{"id":"8c06a8ac-3a77-5743-8357-26c4ee5158be"},"collection":{"id":"00000000-0000-0000-0000-000000000000"},"sitemap_locations":[],"last_modified":"2020-10-09T07:16:41.937739Z"},{"id":"4309b2ce-55b5-4ca9-b070-2124d3205e49","name":"Author","codename":"author","type":{"id":"ef0e5861-907e-5592-b4b4-cb8574a4e887"},"collection":{"id":"00000000-0000-0000-0000-000000000000"},"sitemap_locations":[],"last_modified":"2020-10-09T07:16:38.8751473Z"},{"id":"54722e62-3ae2-4e9e-a243-a42cf369f07c","name":"Typography","codename":"typography","type":{"id":"6bc05c55-cc58-52a5-8742-a48db5fcc1e2"},"collection":{"id":"00000000-0000-0000-0000-000000000000"},"sitemap_locations":[],"last_modified":"2020-10-13T21:40:15.6075493Z"},{"id":"195c3f9a-ad50-4769-931b-dfd1986a019f","name":"Gatsby","codename":"gatsby_92b8911","type":{"id":"6bc05c55-cc58-52a5-8742-a48db5fcc1e2"},"collection":{"id":"00000000-0000-0000-0000-000000000000"},"sitemap_locations":[],"last_modified":"2020-10-09T07:16:40.922086Z"},{"id":"b47f2525-6dc1-4dbc-b6b6-a1a20b7c5c1f","name":"Design Inspiration","codename":"design_inspiration","type":{"id":"6bc05c55-cc58-52a5-8742-a48db5fcc1e2"},"collection":{"id":"00000000-0000-0000-0000-000000000000"},"sitemap_locations":[],"last_modified":"2020-10-09T07:16:41.1408363Z"},{"id":"2892bb6f-e7c7-4027-9565-22e99c8a7248","name":"About me","codename":"about_me_e96de10","type":{"id":"612cc4e4-1cce-5d6b-b0d3-2bff24408a8d"},"collection":{"id":"00000000-0000-0000-0000-000000000000"},"sitemap_locations":[],"last_modified":"2020-10-09T07:16:39.7346004Z"},{"id":"d7c01d07-250d-4c07-9c88-ce339f1db4e1","name":"Contact","codename":"contact","type":{"id":"612cc4e4-1cce-5d6b-b0d3-2bff24408a8d"},"collection":{"id":"00000000-0000-0000-0000-000000000000"},"sitemap_locations":[],"last_modified":"2020-10-09T07:16:39.8751795Z"},{"id":"bfe5e722-f1cd-47e7-8655-2c1bc0b1b7a2","name":"Perfecting the Art of Perfection","codename":"perfecting_the_art_of_perfection","type":{"id":"1f19c9de-51a2-55bd-96c5-dfab198a4e2d"},"collection":{"id":"00000000-0000-0000-0000-000000000000"},"sitemap_locations":[],"last_modified":"2020-10-09T07:16:39.0314016Z"},{"id":"b3fd9e98-5c62-4b4a-b82f-0a6c67738369","name":"The Origins of Social Stationery Lettering","codename":"the_origins_of_social_stationery_lettering","type":{"id":"1f19c9de-51a2-55bd-96c5-dfab198a4e2d"},"collection":{"id":"00000000-0000-0000-0000-000000000000"},"sitemap_locations":[],"last_modified":"2020-10-09T07:16:39.1720766Z"},{"id":"d70e7b99-a6b3-4b4f-81a3-fb82eb778b0b","name":"A Brief History of Typography","codename":"untitled_content_item","type":{"id":"1f19c9de-51a2-55bd-96c5-dfab198a4e2d"},"collection":{"id":"00000000-0000-0000-0000-000000000000"},"sitemap_locations":[],"last_modified":"2020-10-09T07:16:39.3126561Z"},{"id":"9a5effcd-0f06-4ec6-ba55-04948fe24a48","name":"Humane Typography in the Digital Age","codename":"humane_typography_in_the_digital_age","type":{"id":"1f19c9de-51a2-55bd-96c5-dfab198a4e2d"},"collection":{"id":"00000000-0000-0000-0000-000000000000"},"sitemap_locations":[],"last_modified":"2020-10-09T07:16:39.4533037Z"},{"id":"23352ab1-59a1-44f1-814e-535c7264d87d","name":"Upgraded to Gatsby v2","codename":"upgraded_to_gatsby_v2","type":{"id":"1f19c9de-51a2-55bd-96c5-dfab198a4e2d"},"collection":{"id":"00000000-0000-0000-0000-000000000000"},"sitemap_locations":[],"last_modified":"2020-10-09T07:16:39.5939223Z"},{"id":"7681b5b3-9b46-4590-a65b-111b02d806cc","name":"GitHub","codename":"github","type":{"id":"9d3fa781-c190-4a33-aa78-2a70e7e0793b"},"collection":{"id":"00000000-0000-0000-0000-000000000000"},"sitemap_locations":[],"last_modified":"2020-10-13T20:46:29.7529891Z"},{"id":"8450899b-8b06-4111-90ab-59e806e5e8cb","name":"Twitter","codename":"twitter","type":{"id":"9d3fa781-c190-4a33-aa78-2a70e7e0793b"},"collection":{"id":"00000000-0000-0000-0000-000000000000"},"sitemap_locations":[],"last_modified":"2020-10-13T20:47:13.6679766Z"},{"id":"4842ef06-27e0-4be8-9cbb-00d085c6bc92","name":"LinkedIn","codename":"linkedin","type":{"id":"9d3fa781-c190-4a33-aa78-2a70e7e0793b"},"collection":{"id":"00000000-0000-0000-0000-000000000000"},"sitemap_locations":[],"last_modified":"2020-10-13T20:47:38.6407194Z"},{"id":"01d37c14-d464-433c-9676-a4022685d376","name":"Stack Overflow","codename":"stack_overflow","type":{"id":"9d3fa781-c190-4a33-aa78-2a70e7e0793b"},"collection":{"id":"00000000-0000-0000-0000-000000000000"},"sitemap_locations":[],"last_modified":"2020-10-13T20:48:02.2522795Z"},{"id":"7007bce3-3da6-4fd2-8bd1-f51b349b30a6","name":"404","codename":"n404","type":{"id":"612cc4e4-1cce-5d6b-b0d3-2bff24408a8d"},"collection":{"id":"00000000-0000-0000-0000-000000000000"},"sitemap_locations":[],"last_modified":"2020-10-16T22:57:47.8242969Z"},{"id":"89ce164b-9fe7-4424-9ee2-4a7eafd44182","name":"404","codename":"n404_89ce164","type":{"id":"8be4c041-6021-58a2-8414-c32614ddda49"},"collection":{"id":"00000000-0000-0000-0000-000000000000"},"sitemap_locations":[],"last_modified":"2020-10-16T22:59:49.1447087Z"}]