[{"id":"52d88b3a-d813-583c-b379-125c23f4f498","codename":"author","last_modified":"2021-09-08T07:54:22.6294154Z","external_id":"ef0e5861-907e-5592-b4b4-cb8574a4e887","name":"Author","content_groups":[],"elements":[{"maximum_text_length":null,"name":"Name","guidelines":null,"is_required":false,"type":"text","external_id":"6436b43d-08b8-551a-b19c-9663dcd7787f","id":"f0820ccb-b4c4-50bc-9057-44e149b7bf8b","codename":"name"},{"maximum_text_length":null,"name":"Bio","guidelines":null,"is_required":true,"type":"text","external_id":"426bf3b7-baca-5a97-aa73-22fb5d9de0d5","id":"480e1b9a-2863-59ab-a597-d757759dc6ca","codename":"bio"},{"asset_count_limit":{"value":1,"condition":"exactly"},"maximum_file_size":null,"allowed_file_types":"any","image_width_limit":null,"image_height_limit":null,"name":"Avatar image","guidelines":null,"is_required":true,"type":"asset","external_id":"80f1b2de-f65e-548b-8085-569428169577","id":"18d4cc75-d9ba-594f-ac50-4572710c5cf8","codename":"avatar_image"},{"maximum_text_length":null,"name":"Email","guidelines":null,"is_required":false,"type":"text","external_id":"91cf5153-9a79-5407-9ec2-a84ae8dc6555","id":"c9d0a89a-a2d9-582e-812e-44c099d63c13","codename":"email"},{"item_count_limit":{"value":1,"condition":"at_least"},"allowed_content_types":[{"id":"5640393a-33aa-5453-b7d6-f6e008f4824f"}],"name":"Contacts","guidelines":null,"is_required":true,"type":"modular_content","external_id":"059816d6-7d9c-405a-a34e-e29e6e18fd5e","id":"16ac48eb-f682-5a23-ac77-20d31dfa433e","codename":"contacts"}]},{"id":"6a222f04-043c-5fa4-8076-7ee70fcb6019","codename":"homepage","last_modified":"2021-09-08T07:54:22.8013237Z","external_id":"210eeb30-1fb1-4fbb-9346-e9f742a6771b","name":"Root","content_groups":[],"elements":[{"maximum_text_length":null,"name":"Title","guidelines":null,"is_required":false,"type":"text","external_id":"f2677368-e3d7-42ea-934f-7404769c5c0f","id":"8956c04b-611a-5eae-aec5-f10931c420e3","codename":"title"},{"item_count_limit":null,"allowed_content_types":[{"id":"02344dc0-245f-5b31-b133-6a02e6fc4dc9"}],"name":"Subpages","guidelines":null,"is_required":false,"type":"modular_content","external_id":"9ff7b329-00bc-4dcb-b191-9859daf5988d","id":"dad786e1-92c4-5c63-84f9-6416b86dc547","codename":"subpages"},{"item_count_limit":null,"allowed_content_types":[],"name":"Content","guidelines":null,"is_required":false,"type":"modular_content","external_id":"b938794f-fdb6-451b-8c25-3190b0d91f91","id":"b2026f47-5aa6-5ab5-a5f5-66ca81d5af00","codename":"content"}]},{"id":"5640393a-33aa-5453-b7d6-f6e008f4824f","codename":"contact","last_modified":"2021-09-08T07:54:23.3638525Z","external_id":"9d3fa781-c190-4a33-aa78-2a70e7e0793b","name":"Contact","content_groups":[],"elements":[{"maximum_text_length":null,"name":"Name","guidelines":null,"is_required":true,"type":"text","external_id":"ed52c1d0-564f-4eee-a949-ae809ecfd9ef","id":"0f564eca-d41d-5c28-a7da-f7b8392d54bc","codename":"name"},{"maximum_text_length":null,"name":"Url","guidelines":null,"is_required":true,"type":"text","external_id":"21d2d0f5-a5ec-49f5-8033-88b367ad1970","id":"1fe2ade8-b38e-5c02-9e35-57817e2fb0fd","codename":"url"},{"maximum_text_length":null,"name":"Icon","guidelines":null,"is_required":true,"type":"text","external_id":"88933442-10f9-439a-890d-0cf53a771bd6","id":"54d49ceb-6cfb-54d1-aead-19297b6d8a86","codename":"icon"}]},{"id":"369af5e5-bfc4-5725-ba49-14834e07bb8f","codename":"tag","last_modified":"2021-09-08T07:54:23.6294958Z","external_id":"8c06a8ac-3a77-5743-8357-26c4ee5158be","name":"Tag","content_groups":[],"elements":[{"maximum_text_length":null,"name":"Title","guidelines":null,"is_required":true,"type":"text","external_id":"d0f41945-e215-5909-b01e-5cd98080d9b8","id":"47b61e82-bc42-5322-9236-dab14d1d09a4","codename":"title"},{"depends_on":{"element":{"id":"47b61e82-bc42-5322-9236-dab14d1d09a4"}},"name":"Slug","guidelines":null,"is_required":true,"type":"url_slug","external_id":"0ca00763-cf16-573c-b3f2-cdf2aaad4b9e","id":"3856f8c7-2e8a-5786-8b1a-8609e66baf80","codename":"slug"}]},{"id":"02344dc0-245f-5b31-b133-6a02e6fc4dc9","codename":"page","last_modified":"2021-09-08T07:54:22.9419588Z","external_id":"612cc4e4-1cce-5d6b-b0d3-2bff24408a8d","name":"Page","content_groups":[],"elements":[{"maximum_text_length":null,"name":"Title","guidelines":null,"is_required":true,"type":"text","external_id":"8ad51483-0ea3-53d9-a881-89609cd54a47","id":"8a4d9f2a-545e-5c18-9560-9fb86651971f","codename":"title"},{"depends_on":{"element":{"id":"8a4d9f2a-545e-5c18-9560-9fb86651971f"}},"name":"URL","guidelines":null,"is_required":true,"type":"url_slug","external_id":"e8859578-8170-4af0-8765-793da1d327e3","id":"19270103-2ae9-51a8-877e-a4c2502b83dc","codename":"url"},{"mode":"single","options":[{"id":"6602db6e-2fbe-545b-a73f-f01fef31dc29","codename":"true","name":"Yes","external_id":"d1322c34-f114-4219-8508-82c577572d5f"},{"id":"b0059373-4837-5c64-b9ee-ca62d8db3038","codename":"false","name":"No","external_id":"5e3e32c8-9f64-4b81-a81d-c2736126a79e"}],"name":"Show in navigation","guidelines":null,"is_required":false,"type":"multiple_choice","external_id":"debd7b02-c018-42a9-9d75-cda278bc361d","id":"79c1e4b1-c782-5071-9997-396ecd71cca1","codename":"show_in_navigation"},{"maximum_text_length":null,"name":"Meta description","guidelines":null,"is_required":true,"type":"text","external_id":"685edc9c-37da-5da9-b1b9-2e0637858e32","id":"70239775-041b-53df-8bdd-6a8a74d6963f","codename":"meta_description"},{"maximum_text_length":null,"maximum_image_size":null,"allowed_content_types":[],"image_width_limit":null,"image_height_limit":null,"allowed_image_types":"any","allowed_blocks":["text","images"],"allowed_formatting":[],"allowed_text_blocks":[],"allowed_table_blocks":["text"],"allowed_table_formatting":[],"allowed_table_text_blocks":["paragraph"],"name":"Body","guidelines":null,"is_required":false,"type":"rich_text","external_id":"07d5de25-9337-59e2-b806-8aad258e1dd5","id":"74a34c12-f419-5842-88f4-ffaac8239f86","codename":"body"},{"item_count_limit":null,"allowed_content_types":[],"name":"Subpages","guidelines":null,"is_required":false,"type":"modular_content","external_id":"f62922e8-99da-4877-8a7f-2fef276b2ca8","id":"9f38b07f-6745-5bf9-9bf6-9ec2dcac11a5","codename":"subpages"}]},{"id":"ba4bd448-5157-596c-a26f-d0c47e7604b8","codename":"category","last_modified":"2021-09-08T07:54:23.035732Z","external_id":"6bc05c55-cc58-52a5-8742-a48db5fcc1e2","name":"Category","content_groups":[],"elements":[{"maximum_text_length":null,"name":"Title","guidelines":null,"is_required":true,"type":"text","external_id":"9ddcb895-589f-5cbe-97a9-ef9885cb4387","id":"924095e6-62bb-5155-ba20-d3924a2569e1","codename":"title"},{"depends_on":{"element":{"id":"924095e6-62bb-5155-ba20-d3924a2569e1"}},"name":"Slug","guidelines":null,"is_required":true,"type":"url_slug","external_id":"1d0f8514-39a7-5f9a-8f2d-f4b1c37d54f1","id":"7465f942-2311-54cd-8024-774c59ee6774","codename":"slug"}]},{"id":"3fee81cc-7995-5f7d-8798-06dcd791b7dc","codename":"article","last_modified":"2021-09-08T07:54:23.207572Z","external_id":"1f19c9de-51a2-55bd-96c5-dfab198a4e2d","name":"Article","content_groups":[{"id":"ec02455b-0c1f-58e7-92b3-7e53948b7c86","name":"Content","codename":"content","external_id":"33ad024c-1a98-4192-98a4-c46ee37eb23e"},{"id":"89993cfd-7e5a-5e4a-b22e-30d8c24b590b","name":"Metadata","codename":"metadata","external_id":"111b60be-f1a3-4b79-9a57-3a1768a293fc"}],"elements":[{"maximum_text_length":null,"name":"Title","guidelines":null,"is_required":true,"type":"text","external_id":"c9303ea0-8bae-5899-a90f-5360cbb88051","id":"fe8027f4-6441-5dc5-b91f-6b29959464f6","codename":"title","content_group":{"id":"ec02455b-0c1f-58e7-92b3-7e53948b7c86"}},{"maximum_text_length":null,"name":"Description","guidelines":null,"is_required":false,"type":"text","external_id":"ae39552a-a464-5e99-ab2b-790e8d24a96c","id":"65d62be3-6bb6-53a3-add3-82374048c7b2","codename":"description","content_group":{"id":"ec02455b-0c1f-58e7-92b3-7e53948b7c86"}},{"maximum_text_length":null,"maximum_image_size":null,"allowed_content_types":[],"image_width_limit":null,"image_height_limit":null,"allowed_image_types":"any","allowed_blocks":["text","images"],"allowed_formatting":[],"allowed_text_blocks":[],"allowed_table_blocks":["text"],"allowed_table_formatting":[],"allowed_table_text_blocks":["paragraph"],"name":"Content","guidelines":null,"is_required":true,"type":"rich_text","external_id":"7c792794-4746-5afb-8b82-5212ce4991a0","id":"92880b14-2158-5a00-a79b-3c07f99ca745","codename":"content","content_group":{"id":"ec02455b-0c1f-58e7-92b3-7e53948b7c86"}},{"name":"Publish Date","guidelines":null,"is_required":true,"type":"date_time","external_id":"3beb2edb-b3bf-5ac9-8c7c-1d5ead2869ec","id":"f6daee58-63ab-5396-b543-2ca5f1abc73f","codename":"publish_date","content_group":{"id":"ec02455b-0c1f-58e7-92b3-7e53948b7c86"}},{"item_count_limit":{"value":1,"condition":"exactly"},"allowed_content_types":[{"id":"ba4bd448-5157-596c-a26f-d0c47e7604b8"}],"name":"Category","guidelines":null,"is_required":true,"type":"modular_content","external_id":"9e5d2aac-e9bc-5b24-a7f3-a2cefeb33283","id":"c3f7ddde-136f-5661-9130-e4424c7ff8d4","codename":"category","content_group":{"id":"ec02455b-0c1f-58e7-92b3-7e53948b7c86"}},{"item_count_limit":null,"allowed_content_types":[{"id":"369af5e5-bfc4-5725-ba49-14834e07bb8f"}],"name":"Tags","guidelines":null,"is_required":true,"type":"modular_content","external_id":"612e19d3-6d26-582c-947f-f8ff023b1f76","id":"053e9259-3542-57c8-97f2-0a8858ec1c30","codename":"tags","content_group":{"id":"ec02455b-0c1f-58e7-92b3-7e53948b7c86"}},{"depends_on":{"element":{"id":"fe8027f4-6441-5dc5-b91f-6b29959464f6"}},"name":"Slug","guidelines":null,"is_required":false,"type":"url_slug","external_id":"3469a1e2-822d-5805-a93b-fca49b785092","id":"121ec1d4-bd16-58a1-a205-4cdc000bfd30","codename":"slug","content_group":{"id":"ec02455b-0c1f-58e7-92b3-7e53948b7c86"}},{"item_count_limit":{"value":1,"condition":"exactly"},"allowed_content_types":[{"id":"52d88b3a-d813-583c-b379-125c23f4f498"}],"name":"Author","guidelines":null,"is_required":false,"type":"modular_content","external_id":"cf82055b-ce2c-4550-ae4a-d537aea5c1b6","id":"558d4c36-38dd-5c67-9f6c-fdaa01aadb84","codename":"author","content_group":{"id":"ec02455b-0c1f-58e7-92b3-7e53948b7c86"}},{"snippet":{"id":"39b85282-51c5-5e6d-99bf-ce39cf8ca776"},"type":"snippet","external_id":"c64196e7-2f23-4f7b-b1f0-a95d613fc1c8","id":"b0370737-e88a-50d9-912e-a888521276f7","codename":"twitter_card_metadata","content_group":{"id":"89993cfd-7e5a-5e4a-b22e-30d8c24b590b"}},{"snippet":{"id":"bf987717-df8b-5c13-a80f-56f8528f349a"},"type":"snippet","external_id":"00f222b2-65ac-40e3-a05a-8cc9c95c37bf","id":"dacf6cf5-52ae-52a8-97a9-482e711d64c4","codename":"open_graph_metadata","content_group":{"id":"89993cfd-7e5a-5e4a-b22e-30d8c24b590b"}}]},{"id":"3cf3daab-20c1-5701-aa27-b81fd171d0fc","codename":"site_metadata","last_modified":"2021-09-08T07:54:23.535741Z","external_id":"06f7e41c-bef0-5013-9cd4-84fa72b95e32","name":"Site Metadata","content_groups":[],"elements":[{"maximum_text_length":null,"name":"Title","guidelines":null,"is_required":false,"type":"text","external_id":"0c828cd9-32b4-5278-a290-030595980f2c","id":"c368767e-05d6-5154-a92d-060a82fa68bd","codename":"title"},{"maximum_text_length":null,"name":"Subtitle","guidelines":null,"is_required":false,"type":"text","external_id":"898b3b51-4474-5bc2-9661-162001e73da6","id":"3c52f227-62d6-5c0c-a3d2-aa3a7eb34cde","codename":"subtitle"},{"maximum_text_length":null,"name":"Copyright","guidelines":null,"is_required":false,"type":"text","external_id":"d04d0ce7-60ba-5c14-b00a-909797c6de51","id":"b0839f41-483d-559c-9739-2d5e6b435ba6","codename":"copyright"},{"item_count_limit":{"value":1,"condition":"exactly"},"allowed_content_types":[{"id":"52d88b3a-d813-583c-b379-125c23f4f498"}],"name":"Author","guidelines":null,"is_required":false,"type":"modular_content","external_id":"4d8bb7d1-b14a-46ab-9e3e-7287b10592d4","id":"2993ffb1-ef7b-5352-a9bc-36ee6eca1d05","codename":"author"}]}]