[{"elements":[{"element":{"id":"f0820ccb-b4c4-50bc-9057-44e149b7bf8b"},"value":"John Doe"},{"element":{"id":"480e1b9a-2863-59ab-a597-d757759dc6ca"},"value":"Pellentesque odio nisi, euismod in, pharetra a, ultricies in, diam. Sed arcu."},{"element":{"id":"18d4cc75-d9ba-594f-ac50-4572710c5cf8"},"value":[{"id":"e0405284-5fc2-4e92-831e-1a16c668c39e"}]},{"element":{"id":"c9d0a89a-a2d9-582e-812e-44c099d63c13"},"value":"john@domain.tld"},{"element":{"id":"16ac48eb-f682-5a23-ac77-20d31dfa433e"},"value":[{"id":"a410d49e-1b55-4cd5-8573-9ff0f1693803"},{"id":"e8f85a25-4255-4430-9141-6949aee6b327"},{"id":"61ead4cd-8f13-4e98-a817-4512a3b1bfd8"},{"id":"9a36dbc2-8fb2-431b-92f0-0f282f825656"}]}],"workflow_step":{"id":"c199950d-99f0-4983-b711-6c4c91624b22"},"item":{"id":"d2710070-eac0-4377-8817-75cb71cd9339"},"language":{"id":"00000000-0000-0000-0000-000000000000"},"last_modified":"2021-09-08T07:54:31.677605Z"},{"elements":[{"element":{"id":"8956c04b-611a-5eae-aec5-f10931c420e3"},"value":""},{"element":{"id":"dad786e1-92c4-5c63-84f9-6416b86dc547"},"value":[{"id":"8438f65f-553a-4f91-a1b5-d8dfc6c8bfa3"},{"id":"6036d9a2-74cb-49b7-b8f2-d9cf4580cfd9"},{"id":"cf13b7f5-4fb9-478e-a1ba-ca655d74d3d8"}]},{"element":{"id":"b2026f47-5aa6-5ab5-a5f5-66ca81d5af00"},"value":[]}],"workflow_step":{"id":"c199950d-99f0-4983-b711-6c4c91624b22"},"item":{"id":"293bcb19-4711-45ab-a89e-6e92c7f9698e"},"language":{"id":"00000000-0000-0000-0000-000000000000"},"last_modified":"2021-09-08T07:54:32.0057747Z"},{"elements":[{"element":{"id":"8a4d9f2a-545e-5c18-9560-9fb86651971f"},"value":"About me"},{"mode":"custom","element":{"id":"19270103-2ae9-51a8-877e-a4c2502b83dc"},"value":"about-me"},{"element":{"id":"79c1e4b1-c782-5071-9997-396ecd71cca1"},"value":[]},{"element":{"id":"70239775-041b-53df-8bdd-6a8a74d6963f"},"value":"Pellentesque habitant morbi tristique senectus et netus et malesuada fames ac turpis egestas. Vestibulum tortor quam, feugiat vitae, ultricies eget, tempor sit amet, ante."},{"components":[],"element":{"id":"74a34c12-f419-5842-88f4-ffaac8239f86"},"value":"<p>Pellentesque habitant morbi tristique senectus et netus et malesuada fames ac turpis egestas. Vestibulum tortor quam, feugiat vitae, ultricies eget, tempor sit amet, ante.</p>\n<figure data-asset-id=\"9a295013-4359-4a68-b05a-0cc2e4beb28f\"><img src=\"#\" data-asset-id=\"9a295013-4359-4a68-b05a-0cc2e4beb28f\"></figure>\n<p><em>Donec eu libero sit amet quam egestas semper. Aenean ultricies mi vitae est. Mauris placerat eleifend leo. Quisque sit amet est et sapien ullamcorper pharetra. Vestibulum erat wisi, condimentum sed, commodo vitae, ornare sit amet, wisi.</em></p>\n<p>Aenean fermentum, elit eget tincidunt condimentum, eros ipsum rutrum orci, sagittis tempus lacus enim ac dui. Donec non enim in turpis pulvinar facilisis. Ut felis. Praesent dapibus, neque id cursus faucibus, tortor neque egestas augue, eu vulputate magna eros eu erat. Aliquam erat volutpat. Nam dui mi, tincidunt quis, accumsan porttitor, facilisis luctus, metus.</p>\n<p>Suspendisse pulvinar, augue ac venenatis condimentum, sem libero volutpat nibh, nec pellentesque velit pede quis nunc. Mauris sollicitudin fermentum libero.</p>"},{"element":{"id":"9f38b07f-6745-5bf9-9bf6-9ec2dcac11a5"},"value":[]}],"workflow_step":{"id":"c199950d-99f0-4983-b711-6c4c91624b22"},"item":{"id":"6036d9a2-74cb-49b7-b8f2-d9cf4580cfd9"},"language":{"id":"00000000-0000-0000-0000-000000000000"},"last_modified":"2021-09-08T07:54:32.1620166Z"},{"elements":[{"element":{"id":"8a4d9f2a-545e-5c18-9560-9fb86651971f"},"value":"Contact me"},{"mode":"custom","element":{"id":"19270103-2ae9-51a8-877e-a4c2502b83dc"},"value":"contact"},{"element":{"id":"79c1e4b1-c782-5071-9997-396ecd71cca1"},"value":[]},{"element":{"id":"70239775-041b-53df-8bdd-6a8a74d6963f"},"value":"Contact me"},{"components":[],"element":{"id":"74a34c12-f419-5842-88f4-ffaac8239f86"},"value":"<p>Morbi in sem quis dui placerat ornare. Pellentesque odio nisi, euismod in, pharetra a, ultricies in, diam. Sed arcu. Cras consequat.</p>\n<p>Mauris placerat eleifend leo. Quisque sit amet est et sapien ullamcorper pharetra. Vestibulum erat wisi, condimentum sed, commodo vitae, ornare sit amet, wisi. Aenean fermentum, elit eget tincidunt condimentum, eros ipsum rutrum orci, sagittis tempus lacus enim ac dui.</p>\n<figure data-asset-id=\"35c3af0a-016f-4aa5-9224-52e68a811e3e\"><img src=\"#\" data-asset-id=\"35c3af0a-016f-4aa5-9224-52e68a811e3e\"></figure>\n<p><em>Donec eu libero sit amet quam egestas semper. Aenean ultricies mi vitae est. Mauris placerat eleifend leo. Quisque sit amet est et sapien ullamcorper pharetra. Vestibulum erat wisi, condimentum sed, commodo vitae, ornare sit amet, wisi.</em></p>\n<h2>Header Level 2</h2>\n<p>Praesent dapibus, neque id cursus faucibus, tortor neque egestas augue, eu vulputate magna eros eu erat. Aliquam erat volutpat. Nam dui mi, tincidunt quis, accumsan porttitor, facilisis luctus, metus.</p>\n<ul>\n  <li><strong>&nbsp;Lorem ipsum</strong> dolor sit amet, consectetuer adipiscing elit.</li>\n  <li>&nbsp;Aliquam tincidunt mauris eu risus.</li>\n  <li>&nbsp;Vestibulum auctor dapibus neque.</li>\n</ul>\n<h3>Header Level 3</h3>\n<p>Phasellus ultrices nulla quis nibh. Quisque a lectus. Donec **consectetuer** ligula vulputate sem tristique cursus. Nam nulla quam, gravida non, commodo a, sodales sit amet, nisi.</p>\n<p>Pellentesque fermentum dolor. Aliquam quam lectus, facilisis auctor, ultrices ut, elementum vulputate, nunc.</p>\n<h4>Header Level 4</h4>\n<p>Vestibulum tortor quam, feugiat vitae, ultricies eget, tempor sit amet, ante. Donec eu libero sit amet quam egestas semper. Aenean ultricies mi vitae est.&nbsp;</p>"},{"element":{"id":"9f38b07f-6745-5bf9-9bf6-9ec2dcac11a5"},"value":[]}],"workflow_step":{"id":"c199950d-99f0-4983-b711-6c4c91624b22"},"item":{"id":"cf13b7f5-4fb9-478e-a1ba-ca655d74d3d8"},"language":{"id":"00000000-0000-0000-0000-000000000000"},"last_modified":"2021-09-08T07:54:32.4167726Z"},{"elements":[{"element":{"id":"8a4d9f2a-545e-5c18-9560-9fb86651971f"},"value":"Page not found"},{"mode":"custom","element":{"id":"19270103-2ae9-51a8-877e-a4c2502b83dc"},"value":"404"},{"element":{"id":"79c1e4b1-c782-5071-9997-396ecd71cca1"},"value":[]},{"element":{"id":"70239775-041b-53df-8bdd-6a8a74d6963f"},"value":"Page not found"},{"components":[],"element":{"id":"74a34c12-f419-5842-88f4-ffaac8239f86"},"value":"<p>You just hit a route that doesn't exist... the sadness.</p>"},{"element":{"id":"9f38b07f-6745-5bf9-9bf6-9ec2dcac11a5"},"value":[]}],"workflow_step":{"id":"c199950d-99f0-4983-b711-6c4c91624b22"},"item":{"id":"312fd659-e1d0-461e-873d-bce12d02a100"},"language":{"id":"00000000-0000-0000-0000-000000000000"},"last_modified":"2021-09-08T07:54:32.5886217Z"},{"elements":[{"element":{"id":"8a4d9f2a-545e-5c18-9560-9fb86651971f"},"value":"Articles"},{"mode":"custom","element":{"id":"19270103-2ae9-51a8-877e-a4c2502b83dc"},"value":"/"},{"element":{"id":"79c1e4b1-c782-5071-9997-396ecd71cca1"},"value":[{"id":"6602db6e-2fbe-545b-a73f-f01fef31dc29"}]},{"element":{"id":"70239775-041b-53df-8bdd-6a8a74d6963f"},"value":"All John Doe's blog posts ordered by date."},{"components":[],"element":{"id":"74a34c12-f419-5842-88f4-ffaac8239f86"},"value":"<p><br/></p>"},{"element":{"id":"9f38b07f-6745-5bf9-9bf6-9ec2dcac11a5"},"value":[]}],"workflow_step":{"id":"c199950d-99f0-4983-b711-6c4c91624b22"},"item":{"id":"8438f65f-553a-4f91-a1b5-d8dfc6c8bfa3"},"language":{"id":"00000000-0000-0000-0000-000000000000"},"last_modified":"2021-09-08T07:54:32.7449132Z"},{"elements":[{"element":{"id":"924095e6-62bb-5155-ba20-d3924a2569e1"},"value":"Typography"},{"mode":"autogenerated","element":{"id":"7465f942-2311-54cd-8024-774c59ee6774"},"value":"typography"}],"workflow_step":{"id":"c199950d-99f0-4983-b711-6c4c91624b22"},"item":{"id":"e5c5e8bf-4144-427a-b5f6-a219e30a7852"},"language":{"id":"00000000-0000-0000-0000-000000000000"},"last_modified":"2021-09-08T07:54:32.9948933Z"},{"elements":[{"element":{"id":"924095e6-62bb-5155-ba20-d3924a2569e1"},"value":"Gatsby"},{"mode":"autogenerated","element":{"id":"7465f942-2311-54cd-8024-774c59ee6774"},"value":"gatsby"}],"workflow_step":{"id":"c199950d-99f0-4983-b711-6c4c91624b22"},"item":{"id":"cb9d121b-38ff-40bb-a2af-aa858ff314a0"},"language":{"id":"00000000-0000-0000-0000-000000000000"},"last_modified":"2021-09-08T07:54:33.1672786Z"},{"elements":[{"element":{"id":"924095e6-62bb-5155-ba20-d3924a2569e1"},"value":"Design Inspiration"},{"mode":"autogenerated","element":{"id":"7465f942-2311-54cd-8024-774c59ee6774"},"value":"design-inspiration"}],"workflow_step":{"id":"c199950d-99f0-4983-b711-6c4c91624b22"},"item":{"id":"08cd919f-0046-4b6b-ae2c-5b7dc21d3c93"},"language":{"id":"00000000-0000-0000-0000-000000000000"},"last_modified":"2021-09-08T07:54:33.3391669Z"},{"elements":[{"element":{"id":"fe8027f4-6441-5dc5-b91f-6b29959464f6"},"value":"Perfecting the Art of Perfection"},{"element":{"id":"65d62be3-6bb6-53a3-add3-82374048c7b2"},"value":"Quisque cursus, metus vitae pharetra auctor, sem massa mattis sem, at interdum magna augue eget diam. Vestibulum ante ipsum primis in faucibus orci luctus et ultrices posuere cubilia Curae; Morbi lacinia molestie dui. Praesent blandit dolor. Sed non quam. In vel mi sit amet augue congue elementum."},{"components":[],"element":{"id":"92880b14-2158-5a00-a79b-3c07f99ca745"},"value":"<p>Quisque cursus, metus vitae pharetra auctor, sem massa mattis sem, at interdum magna augue eget diam. Vestibulum ante ipsum primis in faucibus orci luctus et ultrices posuere cubilia Curae; Morbi lacinia molestie dui. Praesent blandit dolor. Sed non quam. In vel mi sit amet augue congue elementum.</p>\n<figure data-asset-id=\"01bc4631-fff9-42b9-89a7-54ef310e3af4\"><img src=\"#\" data-asset-id=\"01bc4631-fff9-42b9-89a7-54ef310e3af4\"></figure>\n<p>Pellentesque habitant morbi tristique senectus et netus et malesuada fames ac turpis egestas. Vestibulum tortor quam, feugiat vitae, ultricies eget, tempor sit amet, ante. Donec eu libero sit amet quam egestas semper. Aenean ultricies mi vitae est. Mauris placerat eleifend leo. Quisque sit amet est et sapien ullamcorper pharetra. Vestibulum erat wisi, condimentum sed, commodo vitae, ornare sit amet, wisi. Aenean fermentum, elit eget tincidunt condimentum, eros ipsum rutrum orci, sagittis tempus lacus enim ac dui. Donec non enim in turpis pulvinar facilisis. Ut felis.&nbsp;</p>\n<p><br/></p>\n<p>Praesent dapibus, neque id cursus faucibus, tortor neque egestas augue, eu vulputate magna eros eu erat. Aliquam erat volutpat. Nam dui mi, tincidunt quis, accumsan porttitor, facilisis luctus, metus.</p>"},{"element":{"id":"f6daee58-63ab-5396-b543-2ca5f1abc73f"},"value":"2020-04-01T00:00:00Z"},{"element":{"id":"c3f7ddde-136f-5661-9130-e4424c7ff8d4"},"value":[{"id":"08cd919f-0046-4b6b-ae2c-5b7dc21d3c93"}]},{"element":{"id":"053e9259-3542-57c8-97f2-0a8858ec1c30"},"value":[{"id":"2aebc876-ef63-42e4-ac1b-89ba01094c3d"},{"id":"e40dd643-c76d-4198-ad93-ef8382ae8fd4"}]},{"mode":"autogenerated","element":{"id":"121ec1d4-bd16-58a1-a205-4cdc000bfd30"},"value":"perfecting-the-art-of-perfection"},{"element":{"id":"558d4c36-38dd-5c67-9f6c-fdaa01aadb84"},"value":[{"id":"d2710070-eac0-4377-8817-75cb71cd9339"}]},{"element":{"id":"edbcd2b3-6e92-5542-b393-2f81bc3a0350"},"value":[]},{"element":{"id":"1c91a15b-b7f6-5802-97cd-8a4bab49ca17"},"value":""},{"element":{"id":"23e701d9-d91e-5df3-a2fe-134d40cde543"},"value":""},{"element":{"id":"7100b47c-b427-5450-ac3c-249704014cbf"},"value":[{"id":"01bc4631-fff9-42b9-89a7-54ef310e3af4"}]},{"element":{"id":"d1dab77a-436a-5b20-b4cb-1bcac201311e"},"value":""},{"element":{"id":"c5284c7f-7aec-573f-8dfa-a90adafce85a"},"value":""},{"element":{"id":"d28c5c18-3557-5d11-a313-efe1e141394f"},"value":[{"id":"01bc4631-fff9-42b9-89a7-54ef310e3af4"}]}],"workflow_step":{"id":"c199950d-99f0-4983-b711-6c4c91624b22"},"item":{"id":"bc7a573d-67fd-4649-a642-6c03d84d13b0"},"language":{"id":"00000000-0000-0000-0000-000000000000"},"last_modified":"2021-09-08T07:54:33.6047779Z"},{"elements":[{"element":{"id":"fe8027f4-6441-5dc5-b91f-6b29959464f6"},"value":"The Origins of Social Stationery Lettering"},{"element":{"id":"65d62be3-6bb6-53a3-add3-82374048c7b2"},"value":"Pellentesque habitant morbi tristique senectus et netus et malesuada fames ac turpis egestas. Vestibulum tortor quam, feugiat vitae, ultricies eget, tempor sit amet, ante."},{"components":[],"element":{"id":"92880b14-2158-5a00-a79b-3c07f99ca745"},"value":"<p><strong>Pellentesque habitant morbi tristique </strong>senectus et netus et malesuada fames ac turpis egestas. Vestibulum tortor quam, feugiat vitae, ultricies eget, tempor sit amet, ante. Donec eu libero sit amet quam egestas semper. *Aenean ultricies mi vitae est.* Mauris placerat eleifend leo. Quisque sit amet est et sapien ullamcorper pharetra.&nbsp;</p>\n<p>Vestibulum erat wisi, condimentum sed, commodo vitae, ornare sit amet, wisi. Aenean fermentum, elit eget tincidunt condimentum, eros ipsum rutrum orci, sagittis tempus lacus enim ac dui. &nbsp;[Donec non enim](#) in turpis pulvinar facilisis.</p>\n<figure data-asset-id=\"6d763385-7ee1-4b78-b986-0f6472d4fc71\"><img src=\"#\" data-asset-id=\"6d763385-7ee1-4b78-b986-0f6472d4fc71\"></figure>\n<h2>Header Level 2</h2>\n<ul>\n  <li>Lorem ipsum dolor sit amet, consectetuer adipiscing elit.</li>\n  <li>Aliquam tincidunt mauris eu risus.</li>\n</ul>\n<p>Donec non enim in turpis pulvinar facilisis. Ut felis. Praesent dapibus, neque id cursus faucibus, tortor neque egestas augue, eu vulputate magna eros eu erat. Aliquam erat volutpat.&nbsp;</p>\n<h3>Header Level 3</h3>\n<p>Pellentesque habitant morbi tristique senectus et netus et malesuada fames ac turpis egestas. Vestibulum tortor quam, feugiat vitae, ultricies eget, tempor sit amet, ante. Donec eu libero sit amet quam egestas semper. Aenean ultricies mi vitae est. Mauris placerat eleifend leo. Quisque sit amet est et sapien ullamcorper pharetra.</p>\n<p><code>#header h1 a {<br/>&nbsp;display: block;<br/>&nbsp;width: 300px;<br/>&nbsp;height: 80px;</code></p>\n<p>Vestibulum erat wisi, condimentum sed, commodo vitae, ornare sit amet, wisi. Aenean fermentum, elit eget tincidunt condimentum, eros ipsum rutrum orci, sagittis tempus lacus enim ac dui. Donec non enim in turpis pulvinar facilisis. Ut felis. Praesent dapibus, neque id cursus faucibus, tortor neque egestas augue, eu vulputate magna eros eu erat. Aliquam erat volutpat. Nam dui mi, tincidunt quis, accumsan porttitor, facilisis luctus, metus.</p>"},{"element":{"id":"f6daee58-63ab-5396-b543-2ca5f1abc73f"},"value":"2020-02-01T00:00:00Z"},{"element":{"id":"c3f7ddde-136f-5661-9130-e4424c7ff8d4"},"value":[{"id":"08cd919f-0046-4b6b-ae2c-5b7dc21d3c93"}]},{"element":{"id":"053e9259-3542-57c8-97f2-0a8858ec1c30"},"value":[{"id":"b9351531-2ff9-46b8-98fb-67ff79ea414a"},{"id":"b8ec761a-8a6a-444e-a056-a806c1b76578"},{"id":"823f61e5-5073-4584-a04f-1089a3dc514d"}]},{"mode":"autogenerated","element":{"id":"121ec1d4-bd16-58a1-a205-4cdc000bfd30"},"value":"the-origins-of-social-stationery-lettering"},{"element":{"id":"558d4c36-38dd-5c67-9f6c-fdaa01aadb84"},"value":[{"id":"d2710070-eac0-4377-8817-75cb71cd9339"}]},{"element":{"id":"edbcd2b3-6e92-5542-b393-2f81bc3a0350"},"value":[{"id":"67c1edc6-25d5-5137-80d7-44d4f05b21ab"}]},{"element":{"id":"1c91a15b-b7f6-5802-97cd-8a4bab49ca17"},"value":""},{"element":{"id":"23e701d9-d91e-5df3-a2fe-134d40cde543"},"value":""},{"element":{"id":"7100b47c-b427-5450-ac3c-249704014cbf"},"value":[{"id":"6d763385-7ee1-4b78-b986-0f6472d4fc71"}]},{"element":{"id":"d1dab77a-436a-5b20-b4cb-1bcac201311e"},"value":""},{"element":{"id":"c5284c7f-7aec-573f-8dfa-a90adafce85a"},"value":""},{"element":{"id":"d28c5c18-3557-5d11-a313-efe1e141394f"},"value":[{"id":"6d763385-7ee1-4b78-b986-0f6472d4fc71"}]}],"workflow_step":{"id":"c199950d-99f0-4983-b711-6c4c91624b22"},"item":{"id":"89eb1c77-e0ef-4be3-8d29-e53ed529174d"},"language":{"id":"00000000-0000-0000-0000-000000000000"},"last_modified":"2021-09-08T07:54:33.8548203Z"},{"elements":[{"element":{"id":"fe8027f4-6441-5dc5-b91f-6b29959464f6"},"value":"A Brief History of Typography"},{"element":{"id":"65d62be3-6bb6-53a3-add3-82374048c7b2"},"value":"Morbi in sem quis dui placerat ornare. Pellentesque odio nisi, euismod in, pharetra a, ultricies in, diam. Sed arcu. Cras consequat."},{"components":[],"element":{"id":"92880b14-2158-5a00-a79b-3c07f99ca745"},"value":"<p><strong>Pellentesque habitant morbi tristique</strong> senectus et netus et malesuada fames ac turpis egestas. Vestibulum tortor quam, feugiat vitae, ultricies eget, tempor sit amet, ante. Donec eu libero sit amet quam egestas semper. <em>Aenean ultricies mi vitae est</em>. Mauris placerat eleifend leo. Quisque sit amet est et sapien ullamcorper pharetra.&nbsp;</p>\n<p>Vestibulum erat wisi, condimentum sed, commodo vitae, ornare sit amet, wisi. Aenean fermentum, elit eget tincidunt condimentum, eros ipsum rutrum orci, sagittis tempus lacus enim ac dui. &nbsp;Donec non enim in turpis pulvinar facilisis.</p>\n<figure data-asset-id=\"38dbd931-b722-4498-a44f-7803a4cfe730\"><img src=\"#\" data-asset-id=\"38dbd931-b722-4498-a44f-7803a4cfe730\"></figure>\n<h2>Header Level 2</h2>\n<ul>\n  <li>&nbsp;Lorem ipsum dolor sit amet, consectetuer adipiscing elit.&nbsp;</li>\n  <li>Aliquam tincidunt mauris eu risus.</li>\n</ul>\n<p>Donec non enim in turpis pulvinar facilisis. Ut felis. Praesent dapibus, neque id cursus faucibus, tortor neque egestas augue, eu vulputate magna eros eu erat. Aliquam erat volutpat.&nbsp;</p>\n<h3>Header Level 3</h3>\n<ul>\n  <li>Lorem ipsum dolor sit amet, consectetuer adipiscing elit.</li>\n  <li>Aliquam tincidunt mauris eu risus.</li>\n</ul>\n<p>Pellentesque habitant morbi tristique senectus et netus et malesuada fames ac turpis egestas. Vestibulum tortor quam, feugiat vitae, ultricies eget, tempor sit amet, ante. Donec eu libero sit amet quam egestas semper. Aenean ultricies mi vitae est. Mauris placerat eleifend leo. Quisque sit amet est et sapien ullamcorper pharetra.</p>\n<p>Vestibulum erat wisi, condimentum sed, commodo vitae, ornare sit amet, wisi. Aenean fermentum, elit eget tincidunt condimentum, eros ipsum rutrum orci, sagittis tempus lacus enim ac dui. Donec non enim in turpis pulvinar facilisis. Ut felis. Praesent dapibus, neque id cursus faucibus, tortor neque egestas augue, eu vulputate magna eros eu erat. Aliquam erat volutpat. Nam dui mi, tincidunt quis, accumsan porttitor, facilisis luctus, metus.</p>"},{"element":{"id":"f6daee58-63ab-5396-b543-2ca5f1abc73f"},"value":"2020-06-01T00:00:00Z"},{"element":{"id":"c3f7ddde-136f-5661-9130-e4424c7ff8d4"},"value":[{"id":"08cd919f-0046-4b6b-ae2c-5b7dc21d3c93"}]},{"element":{"id":"053e9259-3542-57c8-97f2-0a8858ec1c30"},"value":[{"id":"b9351531-2ff9-46b8-98fb-67ff79ea414a"},{"id":"2aebc876-ef63-42e4-ac1b-89ba01094c3d"},{"id":"336551b4-4bbd-4372-a33b-e19ab3ce5cb5"}]},{"mode":"autogenerated","element":{"id":"121ec1d4-bd16-58a1-a205-4cdc000bfd30"},"value":"a-brief-history-of-typography"},{"element":{"id":"558d4c36-38dd-5c67-9f6c-fdaa01aadb84"},"value":[{"id":"d2710070-eac0-4377-8817-75cb71cd9339"}]},{"element":{"id":"edbcd2b3-6e92-5542-b393-2f81bc3a0350"},"value":[{"id":"67c1edc6-25d5-5137-80d7-44d4f05b21ab"}]},{"element":{"id":"1c91a15b-b7f6-5802-97cd-8a4bab49ca17"},"value":""},{"element":{"id":"23e701d9-d91e-5df3-a2fe-134d40cde543"},"value":""},{"element":{"id":"7100b47c-b427-5450-ac3c-249704014cbf"},"value":[{"id":"38dbd931-b722-4498-a44f-7803a4cfe730"}]},{"element":{"id":"d1dab77a-436a-5b20-b4cb-1bcac201311e"},"value":""},{"element":{"id":"c5284c7f-7aec-573f-8dfa-a90adafce85a"},"value":""},{"element":{"id":"d28c5c18-3557-5d11-a313-efe1e141394f"},"value":[{"id":"38dbd931-b722-4498-a44f-7803a4cfe730"}]}],"workflow_step":{"id":"c199950d-99f0-4983-b711-6c4c91624b22"},"item":{"id":"5f961949-5656-4d3e-a6fa-f2d025c96fc3"},"language":{"id":"00000000-0000-0000-0000-000000000000"},"last_modified":"2021-09-08T07:54:34.1205032Z"},{"elements":[{"element":{"id":"fe8027f4-6441-5dc5-b91f-6b29959464f6"},"value":"Humane Typography in the Digital Age"},{"element":{"id":"65d62be3-6bb6-53a3-add3-82374048c7b2"},"value":"An Essay on Typography by Eric Gill takes the reader back to the year 1930. The year when a conflict between two worlds came to its term. The machines of the industrial world finally took over the handicrafts."},{"components":[],"element":{"id":"92880b14-2158-5a00-a79b-3c07f99ca745"},"value":"<p>An Essay on Typography by Eric Gill takes the reader back to the year 1930. The year when a conflict between two worlds came to its term. The machines of the industrial world finally took over the handicrafts.</p>\n<p>The typography of this industrial age was no longer handcrafted. Mass production and profit became more important. Quantity mattered more than the quality. The books and printed works in general lost a part of its humanity. The typefaces were not produced by craftsmen anymore. It was the machines printing and tying the books together now. The craftsmen had to let go of their craft and became a cog in the process. An extension of the industrial machine.</p>\n<p>But the victory of the industrialism didn’t mean that the craftsmen were completely extinct. The two worlds continued to coexist independently. Each recognising the good in the other — the power of industrialism and the humanity of craftsmanship. This was the second transition that would strip typography of a part of its humanity. We have to go 500 years back in time to meet the first one.</p>\n<h2>The first transition</h2>\n<p>A similar conflict emerged after the invention of the first printing press in Europe. Johannes Gutenberg invented movable type and used it to produce different compositions. His workshop could print up to 240 impressions per hour. Until then, the books were being copied by hand. All the books were handwritten and decorated with hand drawn ornaments and figures. A process of copying a book was long but each book, even a copy, was a work of art.</p>\n<p>The first printed books were, at first, perceived as inferior to the handwritten ones. They were smaller and cheaper to produce. Movable type provided the printers with flexibility that allowed them to print books in languages other than Latin. Gill describes the transition to industrialism as something that people needed and wanted. Something similar happened after the first printed books emerged. People wanted books in a language they understood and they wanted books they could take with them. They were hungry for knowledge and printed books satisfied this hunger.</p>\n<figure data-asset-id=\"27f492e8-5ccc-4629-9242-8231ff81ef0e\"><img src=\"#\" data-asset-id=\"27f492e8-5ccc-4629-9242-8231ff81ef0e\"></figure>\n<p><em>The 42–Line Bible, printed by Gutenberg.</em></p>\n<p>But, through this transition, the book lost a large part of its humanity. The machine took over most of the process but craftsmanship was still a part of it. The typefaces were cut manually by the first punch cutters. The paper was made by hand. The illustrations and ornaments were still being hand drawn. These were the remains of the craftsmanship that went almost extinct in the times of Eric Gill.</p>\n<h2>The digital age</h2>\n<p>The first transition took away a large part of humanity from written communication. Industrialisation, the second transition described by Eric Gill, took away most of what was left. But it’s the third transition that stripped it naked. Typefaces are faceless these days. They’re just fonts on our computers. Hardly anyone knows their stories. Hardly anyone cares. Flicking through thousands of typefaces and finding the “right one” is a matter of minutes.</p>\n<p><em>In the new computer age the proliferation of typefaces and type manipulations represents a new level of visual pollution threatening our culture. Out of thousands of typefaces, all we need are a few basic ones, and trash the rest.</em></p>\n<p>— Massimo Vignelli</p>\n<p>Typography is not about typefaces. It’s not about what looks best, it’s about what feels right. What communicates the message best. Typography, in its essence, is about the message. “Typographical design should perform optically what the speaker creates through voice and gesture of his thoughts.”, as El Lissitzky, a famous Russian typographer, put it.</p>\n<h2>Loss of humanity through transitions</h2>\n<p>Each transition took away a part of humanity from written language. Handwritten books being the most humane form and the digital typefaces being the least. Overuse of Helvetica is a good example. Messages are being told in a typeface just because it’s a safe option. It’s always there. Everyone knows it but yet, nobody knows it. Stop someone on the street and ask him what Helvetica is? Ask a designer the same question. Ask him where it came from, when, why and who designed it. Most of them will fail to answer these questions. Most of them used it in their precious projects but they still don’t spot it in the street.</p>\n<p><em>Knowledge of the quality of a typeface is of the greatest importance for the functional, aesthetic and psychological effect.</em></p>\n<p>— Josef Mueller-Brockmann</p>\n<p>Typefaces don’t look handmade these days. And that’s all right. They don’t have to. Industrialism took that away from them and we’re fine with it. We’ve traded that part of humanity for a process that produces more books that are easier to read. That can’t be bad. And it isn’t.</p>\n<p><em>&nbsp;Humane typography will often be comparatively rough and even uncouth; but while a certain uncouthness does not seriously matter in humane works, uncouthness has no excuse whatever in the productions of the machine.</em></p>\n<p>— Eric Gill</p>\n<p>We’ve come close to “perfection” in the last five centuries. The letters are crisp and without rough edges. We print our compositions with high–precision printers on a high quality, machine made paper.</p>\n<figure data-asset-id=\"d1c5de56-dd7e-4785-9a2d-a2055829e99a\"><img src=\"#\" data-asset-id=\"d1c5de56-dd7e-4785-9a2d-a2055829e99a\"></figure>\n<p><em>Type through 5 centuries.</em></p>\n<p>We lost a part of ourselves because of this chase after perfection. We forgot about the craftsmanship along the way. And the worst part is that we don’t care. The transition to the digital age made that clear. We choose typefaces like clueless zombies. There’s no meaning in our work. Type sizes, leading, margins… It’s all just a few clicks or lines of code. The message isn’t important anymore. There’s no more “why” behind the “what”.</p>\n<h2>&nbsp;Chasing perfection</h2>\n<p>Human beings aren’t perfect. Perfection is something that will always elude us. There will always be a small part of humanity in everything we do. No matter how small that part, we should make sure that it transcends the limits of the medium. We have to think about the message first. What typeface should we use and why? Does the typeface match the message and what we want to communicate with it? What will be the leading and why? Will there be more typefaces in our design? On what ground will they be combined? What makes our design unique and why? This is the part of humanity that is left in typography. It might be the last part. Are we really going to give it up?</p>\n<p><strong>Originally published by </strong><a href=\"http://matejlatin.co.uk/\" data-new-window=\"true\"><strong>Matej Latin </strong></a><strong>on </strong><a href=\"https://medium.com/design-notes/humane-typography-in-the-digital-age-9bd5c16199bd?ref=webdesignernews.com#.lygo82z0x\" data-new-window=\"true\"><strong>Medium</strong></a><strong>.</strong></p>"},{"element":{"id":"f6daee58-63ab-5396-b543-2ca5f1abc73f"},"value":"2020-10-01T00:00:00Z"},{"element":{"id":"c3f7ddde-136f-5661-9130-e4424c7ff8d4"},"value":[{"id":"e5c5e8bf-4144-427a-b5f6-a219e30a7852"}]},{"element":{"id":"053e9259-3542-57c8-97f2-0a8858ec1c30"},"value":[{"id":"336551b4-4bbd-4372-a33b-e19ab3ce5cb5"},{"id":"74c58506-7ca6-49f3-aa47-ccb05c82239d"},{"id":"14fb48f2-a785-48a1-8726-0baae60aca64"}]},{"mode":"autogenerated","element":{"id":"121ec1d4-bd16-58a1-a205-4cdc000bfd30"},"value":"humane-typography-in-the-digital-age"},{"element":{"id":"558d4c36-38dd-5c67-9f6c-fdaa01aadb84"},"value":[{"id":"d2710070-eac0-4377-8817-75cb71cd9339"}]},{"element":{"id":"edbcd2b3-6e92-5542-b393-2f81bc3a0350"},"value":[{"id":"67c1edc6-25d5-5137-80d7-44d4f05b21ab"}]},{"element":{"id":"1c91a15b-b7f6-5802-97cd-8a4bab49ca17"},"value":""},{"element":{"id":"23e701d9-d91e-5df3-a2fe-134d40cde543"},"value":""},{"element":{"id":"7100b47c-b427-5450-ac3c-249704014cbf"},"value":[{"id":"27f492e8-5ccc-4629-9242-8231ff81ef0e"}]},{"element":{"id":"d1dab77a-436a-5b20-b4cb-1bcac201311e"},"value":""},{"element":{"id":"c5284c7f-7aec-573f-8dfa-a90adafce85a"},"value":""},{"element":{"id":"d28c5c18-3557-5d11-a313-efe1e141394f"},"value":[{"id":"27f492e8-5ccc-4629-9242-8231ff81ef0e"}]}],"workflow_step":{"id":"c199950d-99f0-4983-b711-6c4c91624b22"},"item":{"id":"8f112903-f306-4829-8103-99c221066d4d"},"language":{"id":"00000000-0000-0000-0000-000000000000"},"last_modified":"2021-09-08T07:54:34.3548156Z"},{"elements":[{"element":{"id":"fe8027f4-6441-5dc5-b91f-6b29959464f6"},"value":"Upgraded to Gatsby v2"},{"element":{"id":"65d62be3-6bb6-53a3-add3-82374048c7b2"},"value":"This starter has been forked and upgraded to Gatsby v2"},{"components":[],"element":{"id":"92880b14-2158-5a00-a79b-3c07f99ca745"},"value":"<p>This is a Gatsby v2 compatible version of the <a href=\"https://github.com/alxshelepenok/gatsby-starter-lumen\" data-new-window=\"true\">lumen</a> starter, started by the folks at <a href=\"https://www.gatsbycentral.com/\" data-new-window=\"true\">Gatsby Central</a>.</p>\n<p>Here's a little recommended reading for Gatsby v2.</p>\n<ul>\n  <li>First, <a href=\"https://www.gatsbycentral.com/whats-new-in-gatsby-v2\">what's new in v2</a></li>\n  <li>Next, <a href=\"https://www.gatsbycentral.com/when-should-i-upgrade-to-gatsby-v2\">when should I upgrade?</a></li>\n  <li><a href=\"https://www.gatsbyjs.org/blog/2018-09-17-gatsby-v2/\">The Gatsby v2 announcement blog post</a></li>\n</ul>\n<p><br/></p>\n<p>If you <strong>do decide to upgrade</strong>, these articles will help you do that.</p>\n<ul>\n  <li><a href=\"https://www.gatsbycentral.com/getting-started-with-gatsby-v2\">Getting started with Gatsby v2</a></li>\n  <li><a href=\"https://www.gatsbycentral.com/should-i-rebuild-my-site-for-gatsby-v2\" data-new-window=\"true\">Should I rebuild my site for Gatsby v2?</a></li>\n  <li><a href=\"https://www.gatsbycentral.com/how-do-layouts-work-in-gatsby-v2)\">How do layouts work in Gatsby v2</a></li>\n  <li><a href=\"https://www.gatsbycentral.com/staticquery-in-gatsby-v2\" data-new-window=\"true\">StaticQuery in Gatsby v2</a></li>\n</ul>\n<p><br/></p>\n<p>Finally, here's a cheat sheet we prepared to help during the upgrade:</p>\n<ul>\n  <li>Gatsby v2 refactoring <a href=\"https://www.gatsbycentral.com/gatsby-v2-refactoring-cheat-sheet\" data-new-window=\"true\">cheat sheet</a></li>\n</ul>\n<p><br/></p>"},{"element":{"id":"f6daee58-63ab-5396-b543-2ca5f1abc73f"},"value":"2020-02-29T00:00:00Z"},{"element":{"id":"c3f7ddde-136f-5661-9130-e4424c7ff8d4"},"value":[{"id":"cb9d121b-38ff-40bb-a2af-aa858ff314a0"}]},{"element":{"id":"053e9259-3542-57c8-97f2-0a8858ec1c30"},"value":[{"id":"be257fce-db49-4af6-87cd-ed791daafd32"},{"id":"e88dbc77-95ed-4011-808c-4c4d80b1ef7d"},{"id":"14fb48f2-a785-48a1-8726-0baae60aca64"}]},{"mode":"autogenerated","element":{"id":"121ec1d4-bd16-58a1-a205-4cdc000bfd30"},"value":"upgraded-to-gatsby-v2"},{"element":{"id":"558d4c36-38dd-5c67-9f6c-fdaa01aadb84"},"value":[{"id":"d2710070-eac0-4377-8817-75cb71cd9339"}]},{"element":{"id":"edbcd2b3-6e92-5542-b393-2f81bc3a0350"},"value":[{"id":"67c1edc6-25d5-5137-80d7-44d4f05b21ab"}]},{"element":{"id":"1c91a15b-b7f6-5802-97cd-8a4bab49ca17"},"value":"@chmac"},{"element":{"id":"23e701d9-d91e-5df3-a2fe-134d40cde543"},"value":"@GatsbyJS"},{"element":{"id":"7100b47c-b427-5450-ac3c-249704014cbf"},"value":[{"id":"d292f086-874a-43f6-8ea7-04f6ee23e75b"}]},{"element":{"id":"d1dab77a-436a-5b20-b4cb-1bcac201311e"},"value":"Upgraded to Gatsby v2"},{"element":{"id":"c5284c7f-7aec-573f-8dfa-a90adafce85a"},"value":"This starter has been forked and upgraded to Gatsby v2"},{"element":{"id":"d28c5c18-3557-5d11-a313-efe1e141394f"},"value":[{"id":"8e4a7291-85d2-420d-8842-6cb563593755"}]}],"workflow_step":{"id":"c199950d-99f0-4983-b711-6c4c91624b22"},"item":{"id":"30c141a4-1a98-4c42-a848-0b474f1723ee"},"language":{"id":"00000000-0000-0000-0000-000000000000"},"last_modified":"2021-09-08T07:54:34.5735783Z"},{"elements":[{"element":{"id":"0f564eca-d41d-5c28-a7da-f7b8392d54bc"},"value":"GitHub"},{"element":{"id":"1fe2ade8-b38e-5c02-9e35-57817e2fb0fd"},"value":"http://github.com/"},{"element":{"id":"54d49ceb-6cfb-54d1-aead-19297b6d8a86"},"value":"icon-github"}],"workflow_step":{"id":"c199950d-99f0-4983-b711-6c4c91624b22"},"item":{"id":"a410d49e-1b55-4cd5-8573-9ff0f1693803"},"language":{"id":"00000000-0000-0000-0000-000000000000"},"last_modified":"2021-09-08T07:54:34.7454902Z"},{"elements":[{"element":{"id":"0f564eca-d41d-5c28-a7da-f7b8392d54bc"},"value":"Twitter"},{"element":{"id":"1fe2ade8-b38e-5c02-9e35-57817e2fb0fd"},"value":"https://twitter.com/"},{"element":{"id":"54d49ceb-6cfb-54d1-aead-19297b6d8a86"},"value":"icon-twitter"}],"workflow_step":{"id":"c199950d-99f0-4983-b711-6c4c91624b22"},"item":{"id":"e8f85a25-4255-4430-9141-6949aee6b327"},"language":{"id":"00000000-0000-0000-0000-000000000000"},"last_modified":"2021-09-08T07:54:34.9173446Z"},{"elements":[{"element":{"id":"0f564eca-d41d-5c28-a7da-f7b8392d54bc"},"value":"LinkedIn"},{"element":{"id":"1fe2ade8-b38e-5c02-9e35-57817e2fb0fd"},"value":"https://www.linkedin.com/"},{"element":{"id":"54d49ceb-6cfb-54d1-aead-19297b6d8a86"},"value":"icon-linkedin"}],"workflow_step":{"id":"c199950d-99f0-4983-b711-6c4c91624b22"},"item":{"id":"61ead4cd-8f13-4e98-a817-4512a3b1bfd8"},"language":{"id":"00000000-0000-0000-0000-000000000000"},"last_modified":"2021-09-08T07:54:35.0892669Z"},{"elements":[{"element":{"id":"0f564eca-d41d-5c28-a7da-f7b8392d54bc"},"value":"Stack Overflow"},{"element":{"id":"1fe2ade8-b38e-5c02-9e35-57817e2fb0fd"},"value":"https://stackoverflow.com/"},{"element":{"id":"54d49ceb-6cfb-54d1-aead-19297b6d8a86"},"value":"icon-stackoverflow"}],"workflow_step":{"id":"c199950d-99f0-4983-b711-6c4c91624b22"},"item":{"id":"9a36dbc2-8fb2-431b-92f0-0f282f825656"},"language":{"id":"00000000-0000-0000-0000-000000000000"},"last_modified":"2021-09-08T07:54:35.2611114Z"},{"elements":[{"element":{"id":"c368767e-05d6-5154-a92d-060a82fa68bd"},"value":"Blog by John Doe!"},{"element":{"id":"3c52f227-62d6-5c0c-a3d2-aa3a7eb34cde"},"value":"Pellentesque odio nisi, euismod in, pharetra a, ultricies in, diam. Sed arcu."},{"element":{"id":"b0839f41-483d-559c-9739-2d5e6b435ba6"},"value":"© All rights reserved."},{"element":{"id":"2993ffb1-ef7b-5352-a9bc-36ee6eca1d05"},"value":[{"id":"d2710070-eac0-4377-8817-75cb71cd9339"}]}],"workflow_step":{"id":"c199950d-99f0-4983-b711-6c4c91624b22"},"item":{"id":"bc324757-9040-4b1e-8f85-0aa6c147089e"},"language":{"id":"00000000-0000-0000-0000-000000000000"},"last_modified":"2021-09-08T07:54:35.5111462Z"},{"elements":[{"element":{"id":"47b61e82-bc42-5322-9236-dab14d1d09a4"},"value":"Open source"},{"mode":"autogenerated","element":{"id":"3856f8c7-2e8a-5786-8b1a-8609e66baf80"},"value":"open-source"}],"workflow_step":{"id":"c199950d-99f0-4983-b711-6c4c91624b22"},"item":{"id":"be257fce-db49-4af6-87cd-ed791daafd32"},"language":{"id":"00000000-0000-0000-0000-000000000000"},"last_modified":"2021-09-08T07:54:35.6673828Z"},{"elements":[{"element":{"id":"47b61e82-bc42-5322-9236-dab14d1d09a4"},"value":"Gatsby"},{"mode":"autogenerated","element":{"id":"3856f8c7-2e8a-5786-8b1a-8609e66baf80"},"value":"gatsby"}],"workflow_step":{"id":"c199950d-99f0-4983-b711-6c4c91624b22"},"item":{"id":"e88dbc77-95ed-4011-808c-4c4d80b1ef7d"},"language":{"id":"00000000-0000-0000-0000-000000000000"},"last_modified":"2021-09-08T07:54:35.9017713Z"},{"elements":[{"element":{"id":"47b61e82-bc42-5322-9236-dab14d1d09a4"},"value":"Typography"},{"mode":"autogenerated","element":{"id":"3856f8c7-2e8a-5786-8b1a-8609e66baf80"},"value":"typography"}],"workflow_step":{"id":"c199950d-99f0-4983-b711-6c4c91624b22"},"item":{"id":"336551b4-4bbd-4372-a33b-e19ab3ce5cb5"},"language":{"id":"00000000-0000-0000-0000-000000000000"},"last_modified":"2021-09-08T07:54:36.0580576Z"},{"elements":[{"element":{"id":"47b61e82-bc42-5322-9236-dab14d1d09a4"},"value":"Design"},{"mode":"autogenerated","element":{"id":"3856f8c7-2e8a-5786-8b1a-8609e66baf80"},"value":"design"}],"workflow_step":{"id":"c199950d-99f0-4983-b711-6c4c91624b22"},"item":{"id":"74c58506-7ca6-49f3-aa47-ccb05c82239d"},"language":{"id":"00000000-0000-0000-0000-000000000000"},"last_modified":"2021-09-08T07:54:36.3080424Z"},{"elements":[{"element":{"id":"47b61e82-bc42-5322-9236-dab14d1d09a4"},"value":"Web Development"},{"mode":"autogenerated","element":{"id":"3856f8c7-2e8a-5786-8b1a-8609e66baf80"},"value":"web-development"}],"workflow_step":{"id":"c199950d-99f0-4983-b711-6c4c91624b22"},"item":{"id":"14fb48f2-a785-48a1-8726-0baae60aca64"},"language":{"id":"00000000-0000-0000-0000-000000000000"},"last_modified":"2021-09-08T07:54:36.4799229Z"},{"elements":[{"element":{"id":"47b61e82-bc42-5322-9236-dab14d1d09a4"},"value":"Handwriting"},{"mode":"autogenerated","element":{"id":"3856f8c7-2e8a-5786-8b1a-8609e66baf80"},"value":"handwriting"}],"workflow_step":{"id":"c199950d-99f0-4983-b711-6c4c91624b22"},"item":{"id":"2aebc876-ef63-42e4-ac1b-89ba01094c3d"},"language":{"id":"00000000-0000-0000-0000-000000000000"},"last_modified":"2021-09-08T07:54:36.6362082Z"},{"elements":[{"element":{"id":"47b61e82-bc42-5322-9236-dab14d1d09a4"},"value":"Learning to write"},{"mode":"autogenerated","element":{"id":"3856f8c7-2e8a-5786-8b1a-8609e66baf80"},"value":"learning-to-write"}],"workflow_step":{"id":"c199950d-99f0-4983-b711-6c4c91624b22"},"item":{"id":"e40dd643-c76d-4198-ad93-ef8382ae8fd4"},"language":{"id":"00000000-0000-0000-0000-000000000000"},"last_modified":"2021-09-08T07:54:36.8862236Z"},{"elements":[{"element":{"id":"47b61e82-bc42-5322-9236-dab14d1d09a4"},"value":"Typefaces"},{"mode":"autogenerated","element":{"id":"3856f8c7-2e8a-5786-8b1a-8609e66baf80"},"value":"typefaces"}],"workflow_step":{"id":"c199950d-99f0-4983-b711-6c4c91624b22"},"item":{"id":"b9351531-2ff9-46b8-98fb-67ff79ea414a"},"language":{"id":"00000000-0000-0000-0000-000000000000"},"last_modified":"2021-09-08T07:54:37.0737306Z"},{"elements":[{"element":{"id":"47b61e82-bc42-5322-9236-dab14d1d09a4"},"value":"Lettering"},{"mode":"autogenerated","element":{"id":"3856f8c7-2e8a-5786-8b1a-8609e66baf80"},"value":"lettering"}],"workflow_step":{"id":"c199950d-99f0-4983-b711-6c4c91624b22"},"item":{"id":"b8ec761a-8a6a-444e-a056-a806c1b76578"},"language":{"id":"00000000-0000-0000-0000-000000000000"},"last_modified":"2021-09-08T07:54:37.2456398Z"},{"elements":[{"element":{"id":"47b61e82-bc42-5322-9236-dab14d1d09a4"},"value":"History"},{"mode":"autogenerated","element":{"id":"3856f8c7-2e8a-5786-8b1a-8609e66baf80"},"value":"history"}],"workflow_step":{"id":"c199950d-99f0-4983-b711-6c4c91624b22"},"item":{"id":"823f61e5-5073-4584-a04f-1089a3dc514d"},"language":{"id":"00000000-0000-0000-0000-000000000000"},"last_modified":"2021-09-08T07:54:37.4956274Z"}]